[{"SiteName": "\u4e8c\u6797", "County": "\u5f70\u5316\u7e23", "AQI": "29", "Pollutant": "", "Status": "\u826f\u597d", "SO2": "5.2", "CO": "0.27", "CO_8hr": "0.3", "O3": "12", "O3_8hr": "20", "PM10": "18", "PM2.5": "7", "NO2": "14", "NOx": "14", "NO": "0.5", "WindSpeed": "2.1", "WindDirec": "25", "PublishTime": "2019-11-22 23:00", "PM2.5_AVG": "9", "PM10_AVG": "25", "SO2_AVG": "4", "Longitude": "120.409653", "Latitude": "23.925175", "SiteId": "35"}, {"SiteName": "\u4e09\u91cd", "County": "\u65b0\u5317\u5e02", "AQI": "34", "Pollutant": "", "Status": "\u826f\u597d", "SO2": "3.9", "CO": "2.08", "CO_8hr": "1.8", "O3": "-", "O3_8hr": "", "PM10": "25", "PM2.5": "13", "NO2": "36", "NOx": "142", "NO": "106", "WindSpeed": "", "WindDirec": "", "PublishTime": "2019-11-22 23:00", "PM2.5_AVG": "11", "PM10_AVG": "22", "SO2_AVG": "3", "Longitude": "121.493806", "Latitude": "25.072611", "SiteId": "67"}, {"SiteName": "\u4e09\u7fa9", "County": "\u82d7\u6817\u7e23", "AQI": "25", "Pollutant": "", "Status": "\u826f\u597d", "SO2": "2.1", "CO": "0.16", "CO_8hr": "0.2", "O3": "19", "O3_8hr": "20", "PM10": "9", "PM2.5": "5", "NO2": "5.9", "NOx": "7.9", "NO": "2", "WindSpeed": "2.5", "WindDirec": "18", "PublishTime": "2019-11-22 23:00", "PM2.5_AVG": "8", "PM10_AVG": "11", "SO2_AVG": "2", "Longitude": "120.758833", "Latitude": "24.382942", "SiteId": "27"}, {"SiteName": "\u571f\u57ce", "County": "\u65b0\u5317\u5e02", "AQI": "22", "Pollutant": "", "Status": "\u826f\u597d", "SO2": "1.9", "CO": "0.56", "CO_8hr": "0.4", "O3": "12", "O3_8hr": "16", "PM10": "15", "PM2.5": "3", "NO2": "23", "NOx": "23", "NO": "-0.1", "WindSpeed": "0.6", "WindDirec": "334", "PublishTime": "2019-11-22 23:00", "PM2.5_AVG": "3", "PM10_AVG": "10", "SO2_AVG": "2", "Longitude": "121.451861", "Latitude": "24.982528", "SiteId": "5"}, {"SiteName": "\u58eb\u6797", "County": "\u81fa\u5317\u5e02", "AQI": "17", "Pollutant": "", "Status": "\u826f\u597d", "SO2": "1.4", "CO": "0.4", "CO_8hr": "0.4", "O3": "13", "O3_8hr": "12", "PM10": "18", "PM2.5": "4", "NO2": "18", "NOx": "19", "NO": "0.8", "WindSpeed": "0.5", "WindDirec": "354", "PublishTime": "2019-11-22 23:00", "PM2.5_AVG": "3", "PM10_AVG": "13", "SO2_AVG": "1", "Longitude": "121.515389", "Latitude": "25.105417", "SiteId": "11"}, {"SiteName": "\u5927\u540c", "County": "\u81fa\u5317\u5e02", "AQI": "43", "Pollutant": "", "Status": "\u826f\u597d", "SO2": "4.6", "CO": "3.44", "CO_8hr": "2.4", "O3": "-", "O3_8hr": "", "PM10": "27", "PM2.5": "14", "NO2": "40", "NOx": "179", "NO": "139", "WindSpeed": "", "WindDirec": "", "PublishTime": "2019-11-22 23:00", "PM2.5_AVG": "13", "PM10_AVG": "24", "SO2_AVG": "3", "Longitude": "121.513311", "Latitude": "25.0632", "SiteId": "16"}, {"SiteName": "\u5927\u91cc", "County": "\u81fa\u4e2d\u5e02", "AQI": "44", "Pollutant": "", "Status": "\u826f\u597d", "SO2": "4.4", "CO": "0.76", "CO_8hr": "0.6", "O3": "-0.1", "O3_8hr": "12", "PM10": "38", "PM2.5": "20", "NO2": "28", "NOx": "45", "NO": "17", "WindSpeed": "0.6", "WindDirec": "97", "PublishTime": "2019-11-22 23:00", "PM2.5_AVG": "14", "PM10_AVG": "28", "SO2_AVG": "3", "Longitude": "120.677689", "Latitude": "24.099611", "SiteId": "30"}, {"SiteName": "\u5927\u5712", "County": "\u6843\u5712\u5e02", "AQI": "27", "Pollutant": "", "Status": "\u826f\u597d", "SO2": "2.7", "CO": "0.13", "CO_8hr": "0.2", "O3": "31", "O3_8hr": "29", "PM10": "22", "PM2.5": "6", "NO2": "10", "NOx": "13", "NO": "2.2", "WindSpeed": "4.8", "WindDirec": "30", "PublishTime": "2019-11-22 23:00", "PM2.5_AVG": "5", "PM10_AVG": "21", "SO2_AVG": "2", "Longitude": "121.201811", "Latitude": "25.060344", "SiteId": "18"}, {"SiteName": "\u5927\u5bee", "County": "\u9ad8\u96c4\u5e02", "AQI": "99", "Pollutant": "\u7d30\u61f8\u6d6e\u5fae\u7c92", "Status": "\u666e\u901a", "SO2": "4.8", "CO": "0.47", "CO_8hr": "0.4", "O3": "32", "O3_8hr": "64", "PM10": "66", "PM2.5": "40", "NO2": "18", "NOx": "20", "NO": "1.3", "WindSpeed": "0.4", "WindDirec": "81", "PublishTime": "2019-11-22 23:00", "PM2.5_AVG": "35", "PM10_AVG": "62", "SO2_AVG": "5", "Longitude": "120.425081", "Latitude": "22.565747", "SiteId": "51"}, {"SiteName": "\u5c0f\u6e2f", "County": "\u9ad8\u96c4\u5e02", "AQI": "72", "Pollutant": "\u7d30\u61f8\u6d6e\u5fae\u7c92", "Status": "\u666e\u901a", "SO2": "3.2", "CO": "0.42", "CO_8hr": "0.4", "O3": "32", "O3_8hr": "53", "PM10": "37", "PM2.5": "23", "NO2": "27", "NOx": "30", "NO": "2.8", "WindSpeed": "0.4", "WindDirec": "346", "PublishTime": "2019-11-22 23:00", "PM2.5_AVG": "24", "PM10_AVG": "42", "SO2_AVG": "4", "Longitude": "120.337736", "Latitude": "22.565833", "SiteId": "58"}, {"SiteName": "\u4e2d\u5c71", "County": "\u81fa\u5317\u5e02", "AQI": "28", "Pollutant": "", "Status": "\u826f\u597d", "SO2": "1.2", "CO": "0.52", "CO_8hr": "0.7", "O3": "6.3", "O3_8hr": "7", "PM10": "14", "PM2.5": "3", "NO2": "30", "NOx": "36", "NO": "6.1", "WindSpeed": "0.7", "WindDirec": "198", "PublishTime": "2019-11-22 23:00", "PM2.5_AVG": "5", "PM10_AVG": "11", "SO2_AVG": "1", "Longitude": "121.526528", "Latitude": "25.062361", "SiteId": "12"}, {"SiteName": "\u4e2d\u58e2", "County": "\u6843\u5712\u5e02", "AQI": "25", "Pollutant": "", "Status": "\u826f\u597d", "SO2": "1.9", "CO": "0.61", "CO_8hr": "0.8", "O3": "10", "O3_8hr": "7", "PM10": "28", "PM2.5": "8", "NO2": "26", "NOx": "40", "NO": "14", "WindSpeed": "1.1", "WindDirec": "23", "PublishTime": "2019-11-22 23:00", "PM2.5_AVG": "8", "PM10_AVG": "21", "SO2_AVG": "2", "Longitude": "121.221667", "Latitude": "24.953278", "SiteId": "68"}, {"SiteName": "\u4ec1\u6b66", "County": "\u9ad8\u96c4\u5e02", "AQI": "96", "Pollutant": "\u7d30\u61f8\u6d6e\u5fae\u7c92", "Status": "\u666e\u901a", "SO2": "2.6", "CO": "0.5", "CO_8hr": "0.5", "O3": "47", "O3_8hr": "54", "PM10": "63", "PM2.5": "37", "NO2": "15", "NOx": "16", "NO": "0.3", "WindSpeed": "1.1", "WindDirec": "124", "PublishTime": "2019-11-22 23:00", "PM2.5_AVG": "34", "PM10_AVG": "61", "SO2_AVG": "2", "Longitude": "120.332631", "Latitude": "22.689056", "SiteId": "49"}, {"SiteName": "\u6597\u516d", "County": "\u96f2\u6797\u7e23", "AQI": "71", "Pollutant": "\u7d30\u61f8\u6d6e\u5fae\u7c92", "Status": "\u666e\u901a", "SO2": "2.6", "CO": "0.44", "CO_8hr": "0.4", "O3": "3.1", "O3_8hr": "24", "PM10": "47", "PM2.5": "25", "NO2": "31", "NOx": "35", "NO": "3.7", "WindSpeed": "0.7", "WindDirec": "344", "PublishTime": "2019-11-22 23:00", "PM2.5_AVG": "24", "PM10_AVG": "48", "SO2_AVG": "2", "Longitude": "120.544994", "Latitude": "23.711853", "SiteId": "37"}, {"SiteName": "\u51ac\u5c71", "County": "\u5b9c\u862d\u7e23", "AQI": "21", "Pollutant": "", "Status": "\u826f\u597d", "SO2": "1.5", "CO": "0.19", "CO_8hr": "0.2", "O3": "14", "O3_8hr": "23", "PM10": "13", "PM2.5": "5", "NO2": "7.2", "NOx": "9", "NO": "1.8", "WindSpeed": "1.3", "WindDirec": "269", "PublishTime": "2019-11-22 23:00", "PM2.5_AVG": "4", "PM10_AVG": "14", "SO2_AVG": "2", "Longitude": "121.792928", "Latitude": "24.632203", "SiteId": "66"}, {"SiteName": "\u53e4\u4ead", "County": "\u81fa\u5317\u5e02", "AQI": "25", "Pollutant": "", "Status": "\u826f\u597d", "SO2": "0.9", "CO": "0.49", "CO_8hr": "0.4", "O3": "10", "O3_8hr": "12", "PM10": "15", "PM2.5": "4", "NO2": "26", "NOx": "28", "NO": "2", "WindSpeed": "0.7", "WindDirec": "133", "PublishTime": "2019-11-22 23:00", "PM2.5_AVG": "5", "PM10_AVG": "10", "SO2_AVG": "1", "Longitude": "121.529556", "Latitude": "25.020608", "SiteId": "14"}, {"SiteName": "\u5de6\u71df", "County": "\u9ad8\u96c4\u5e02", "AQI": "74", "Pollutant": "\u7d30\u61f8\u6d6e\u5fae\u7c92", "Status": "\u666e\u901a", "SO2": "3.4", "CO": "0.7", "CO_8hr": "0.5", "O3": "38", "O3_8hr": "43", "PM10": "67", "PM2.5": "35", "NO2": "26", "NOx": "27", "NO": "0.9", "WindSpeed": "0.9", "WindDirec": "44", "PublishTime": "2019-11-22 23:00", "PM2.5_AVG": "25", "PM10_AVG": "51", "SO2_AVG": "3", "Longitude": "120.292917", "Latitude": "22.674861", "SiteId": "54"}, {"SiteName": "\u5e73\u93ae", "County": "\u6843\u5712\u5e02", "AQI": "19", "Pollutant": "", "Status": "\u826f\u597d", "SO2": "1.8", "CO": "0.26", "CO_8hr": "0.4", "O3": "19", "O3_8hr": "17", "PM10": "25", "PM2.5": "5", "NO2": "18", "NOx": "20", "NO": "2.2", "WindSpeed": "2.3", "WindDirec": "32", "PublishTime": "2019-11-22 23:00", "PM2.5_AVG": "4", "PM10_AVG": "20", "SO2_AVG": "2", "Longitude": "121.203986", "Latitude": "24.952786", "SiteId": "20"}, {"SiteName": "\u6c38\u548c", "County": "\u65b0\u5317\u5e02", "AQI": "25", "Pollutant": "", "Status": "\u826f\u597d", "SO2": "1.4", "CO": "0.78", "CO_8hr": "0.7", "O3": "8.1", "O3_8hr": "12", "PM10": "10", "PM2.5": "6", "NO2": "26", "NOx": "39", "NO": "13", "WindSpeed": "0.7", "WindDirec": "124", "PublishTime": "2019-11-22 23:00", "PM2.5_AVG": "4", "PM10_AVG": "8", "SO2_AVG": "1", "Longitude": "121.516306", "Latitude": "25.017", "SiteId": "70"}, {"SiteName": "\u5b89\u5357", "County": "\u81fa\u5357\u5e02", "AQI": "67", "Pollutant": "\u7d30\u61f8\u6d6e\u5fae\u7c92", "Status": "\u666e\u901a", "SO2": "3.2", "CO": "0.55", "CO_8hr": "0.4", "O3": "3.5", "O3_8hr": "29", "PM10": "70", "PM2.5": "35", "NO2": "30", "NOx": "40", "NO": "10", "WindSpeed": "0.5", "WindDirec": "8.8", "PublishTime": "2019-11-22 23:00", "PM2.5_AVG": "22", "PM10_AVG": "56", "SO2_AVG": "2", "Longitude": "120.2175", "Latitude": "23.048197", "SiteId": "45"}, {"SiteName": "\u6734\u5b50", "County": "\u5609\u7fa9\u7e23", "AQI": "55", "Pollutant": "\u7d30\u61f8\u6d6e\u5fae\u7c92", "Status": "\u666e\u901a", "SO2": "2.2", "CO": "0.31", "CO_8hr": "0.3", "O3": "7.5", "O3_8hr": "26", "PM10": "44", "PM2.5": "11", "NO2": "13", "NOx": "14", "NO": "1.2", "WindSpeed": "1.1", "WindDirec": "2.3", "PublishTime": "2019-11-22 23:00", "PM2.5_AVG": "17", "PM10_AVG": "45", "SO2_AVG": "2", "Longitude": "120.24781", "Latitude": "23.467123", "SiteId": "40"}, {"SiteName": "\u6c50\u6b62", "County": "\u65b0\u5317\u5e02", "AQI": "16", "Pollutant": "", "Status": "\u826f\u597d", "SO2": "1.5", "CO": "0.46", "CO_8hr": "0.4", "O3": "14", "O3_8hr": "17", "PM10": "14", "PM2.5": "6", "NO2": "4.6", "NOx": "5.2", "NO": "0.6", "WindSpeed": "0.9", "WindDirec": "74", "PublishTime": "2019-11-22 23:00", "PM2.5_AVG": "5", "PM10_AVG": "13", "SO2_AVG": "2", "Longitude": "121.6423", "Latitude": "25.067131", "SiteId": "2"}, {"SiteName": "\u7af9\u5c71", "County": "\u5357\u6295\u7e23", "AQI": "68", "Pollutant": "\u7d30\u61f8\u6d6e\u5fae\u7c92", "Status": "\u666e\u901a", "SO2": "3.3", "CO": "0.43", "CO_8hr": "0.4", "O3": "5.2", "O3_8hr": "29", "PM10": "35", "PM2.5": "18", "NO2": "19", "NOx": "21", "NO": "2.3", "WindSpeed": "0.5", "WindDirec": "50", "PublishTime": "2019-11-22 23:00", "PM2.5_AVG": "23", "PM10_AVG": "43", "SO2_AVG": "2", "Longitude": "120.677306", "Latitude": "23.756389", "SiteId": "69"}, {"SiteName": "\u7af9\u6771", "County": "\u65b0\u7af9\u7e23", "AQI": "21", "Pollutant": "", "Status": "\u826f\u597d", "SO2": "2.1", "CO": "0.2", "CO_8hr": "0.2", "O3": "20", "O3_8hr": "23", "PM10": "12", "PM2.5": "8", "NO2": "11", "NOx": "12", "NO": "1.3", "WindSpeed": "0.5", "WindDirec": "42", "PublishTime": "2019-11-22 23:00", "PM2.5_AVG": "5", "PM10_AVG": "10", "SO2_AVG": "1", "Longitude": "121.088903", "Latitude": "24.740644", "SiteId": "23"}, {"SiteName": "\u897f\u5c6f", "County": "\u81fa\u4e2d\u5e02", "AQI": "31", "Pollutant": "", "Status": "\u826f\u597d", "SO2": "", "CO": "0.26", "CO_8hr": "0.3", "O3": "13", "O3_8hr": "22", "PM10": "9", "PM2.5": "9", "NO2": "15", "NOx": "16", "NO": "1.2", "WindSpeed": "1.7", "WindDirec": "12", "PublishTime": "2019-11-22 23:00", "PM2.5_AVG": "9", "PM10_AVG": "16", "SO2_AVG": "", "Longitude": "120.616917", "Latitude": "24.162197", "SiteId": "32"}, {"SiteName": "\u6c99\u9e7f", "County": "\u81fa\u4e2d\u5e02", "AQI": "35", "Pollutant": "", "Status": "\u826f\u597d", "SO2": "2.7", "CO": "0.26", "CO_8hr": "0.2", "O3": "10", "O3_8hr": "20", "PM10": "11", "PM2.5": "8", "NO2": "17", "NOx": "19", "NO": "1.3", "WindSpeed": "2.9", "WindDirec": "3.1", "PublishTime": "2019-11-22 23:00", "PM2.5_AVG": "11", "PM10_AVG": "16", "SO2_AVG": "2", "Longitude": "120.568794", "Latitude": "24.225628", "SiteId": "29"}, {"SiteName": "\u5b9c\u862d", "County": "\u5b9c\u862d\u7e23", "AQI": "21", "Pollutant": "", "Status": "\u826f\u597d", "SO2": "2.4", "CO": "0.35", "CO_8hr": "0.3", "O3": "13", "O3_8hr": "23", "PM10": "18", "PM2.5": "5", "NO2": "8.9", "NOx": "9.2", "NO": "0.3", "WindSpeed": "0.9", "WindDirec": "302", "PublishTime": "2019-11-22 23:00", "PM2.5_AVG": "4", "PM10_AVG": "18", "SO2_AVG": "2", "Longitude": "121.746394", "Latitude": "24.747917", "SiteId": "65"}, {"SiteName": "\u5fe0\u660e", "County": "\u81fa\u4e2d\u5e02", "AQI": "36", "Pollutant": "", "Status": "\u826f\u597d", "SO2": "4.1", "CO": "0.45", "CO_8hr": "0.4", "O3": "7.1", "O3_8hr": "15", "PM10": "19", "PM2.5": "12", "NO2": "21", "NOx": "23", "NO": "2.6", "WindSpeed": "2", "WindDirec": "48", "PublishTime": "2019-11-22 23:00", "PM2.5_AVG": "11", "PM10_AVG": "19", "SO2_AVG": "3", "Longitude": "120.641092", "Latitude": "24.151958", "SiteId": "31"}, {"SiteName": "\u677e\u5c71", "County": "\u81fa\u5317\u5e02", "AQI": "21", "Pollutant": "", "Status": "\u826f\u597d", "SO2": "1.4", "CO": "0.39", "CO_8hr": "0.4", "O3": "11", "O3_8hr": "8", "PM10": "13", "PM2.5": "7", "NO2": "22", "NOx": "27", "NO": "5.3", "WindSpeed": "0.8", "WindDirec": "56", "PublishTime": "2019-11-22 23:00", "PM2.5_AVG": "7", "PM10_AVG": "12", "SO2_AVG": "1", "Longitude": "121.578611", "Latitude": "25.05", "SiteId": "15"}, {"SiteName": "\u677f\u6a4b", "County": "\u65b0\u5317\u5e02", "AQI": "30", "Pollutant": "", "Status": "\u826f\u597d", "SO2": "2.3", "CO": "0.81", "CO_8hr": "0.7", "O3": "5.1", "O3_8hr": "6", "PM10": "15", "PM2.5": "6", "NO2": "32", "NOx": "40", "NO": "8.2", "WindSpeed": "1.1", "WindDirec": "92", "PublishTime": "2019-11-22 23:00", "PM2.5_AVG": "5", "PM10_AVG": "13", "SO2_AVG": "2", "Longitude": "121.458667", "Latitude": "25.012972", "SiteId": "6"}, {"SiteName": "\u6797\u53e3", "County": "\u65b0\u5317\u5e02", "AQI": "26", "Pollutant": "", "Status": "\u826f\u597d", "SO2": "1.8", "CO": "0.13", "CO_8hr": "0.1", "O3": "31", "O3_8hr": "28", "PM10": "2", "PM2.5": "3", "NO2": "3.7", "NOx": "5.2", "NO": "1.5", "WindSpeed": "2", "WindDirec": "49", "PublishTime": "2019-11-22 23:00", "PM2.5_AVG": "3", "PM10_AVG": "11", "SO2_AVG": "2", "Longitude": "121.376869", "Latitude": "25.077197", "SiteId": "9"}, {"SiteName": "\u6797\u5712", "County": "\u9ad8\u96c4\u5e02", "AQI": "108", "Pollutant": "\u81ed\u6c27\u516b\u5c0f\u6642", "Status": "\u5c0d\u654f\u611f\u65cf\u7fa4\u4e0d\u5065\u5eb7", "SO2": "1.6", "CO": "0.34", "CO_8hr": "0.3", "O3": "42", "O3_8hr": "73", "PM10": "61", "PM2.5": "32", "NO2": "12", "NOx": "13", "NO": "1", "WindSpeed": "0.7", "WindDirec": "73", "PublishTime": "2019-11-22 23:00", "PM2.5_AVG": "23", "PM10_AVG": "43", "SO2_AVG": "3", "Longitude": "120.41175", "Latitude": "22.4795", "SiteId": "52"}, {"SiteName": "\u82b1\u84ee", "County": "\u82b1\u84ee\u7e23", "AQI": "28", "Pollutant": "", "Status": "\u826f\u597d", "SO2": "1.5", "CO": "0.3", "CO_8hr": "0.3", "O3": "23", "O3_8hr": "30", "PM10": "22", "PM2.5": "5", "NO2": "8.6", "NOx": "10", "NO": "1.5", "WindSpeed": "0.6", "WindDirec": "261", "PublishTime": "2019-11-22 23:00", "PM2.5_AVG": "6", "PM10_AVG": "21", "SO2_AVG": "1", "Longitude": "121.599769", "Latitude": "23.971306", "SiteId": "63"}, {"SiteName": "\u91d1\u9580", "County": "\u91d1\u9580\u7e23", "AQI": "42", "Pollutant": "", "Status": "\u826f\u597d", "SO2": "3.7", "CO": "0.23", "CO_8hr": "0.2", "O3": "22", "O3_8hr": "29", "PM10": "32", "PM2.5": "16", "NO2": "14", "NOx": "15", "NO": "0.6", "WindSpeed": "2.5", "WindDirec": "20", "PublishTime": "2019-11-22 23:00", "PM2.5_AVG": "13", "PM10_AVG": "32", "SO2_AVG": "3", "Longitude": "118.312256", "Latitude": "24.432133", "SiteId": "77"}, {"SiteName": "\u524d\u91d1", "County": "\u9ad8\u96c4\u5e02", "AQI": "70", "Pollutant": "\u7d30\u61f8\u6d6e\u5fae\u7c92", "Status": "\u666e\u901a", "SO2": "3", "CO": "0.51", "CO_8hr": "0.4", "O3": "39", "O3_8hr": "48", "PM10": "40", "PM2.5": "22", "NO2": "24", "NOx": "26", "NO": "1.4", "WindSpeed": "0.9", "WindDirec": "176", "PublishTime": "2019-11-22 23:00", "PM2.5_AVG": "23", "PM10_AVG": "46", "SO2_AVG": "2", "Longitude": "120.288086", "Latitude": "22.632567", "SiteId": "56"}, {"SiteName": "\u524d\u93ae", "County": "\u9ad8\u96c4\u5e02", "AQI": "80", "Pollutant": "\u7d30\u61f8\u6d6e\u5fae\u7c92", "Status": "\u666e\u901a", "SO2": "2.5", "CO": "1.12", "CO_8hr": "0.9", "O3": "15", "O3_8hr": "37", "PM10": "47", "PM2.5": "28", "NO2": "40", "NOx": "46", "NO": "5.8", "WindSpeed": "0.6", "WindDirec": "153", "PublishTime": "2019-11-22 23:00", "PM2.5_AVG": "27", "PM10_AVG": "52", "SO2_AVG": "2", "Longitude": "120.307564", "Latitude": "22.605386", "SiteId": "57"}, {"SiteName": "\u5357\u6295", "County": "\u5357\u6295\u7e23", "AQI": "45", "Pollutant": "", "Status": "\u826f\u597d", "SO2": "3.2", "CO": "0.54", "CO_8hr": "0.5", "O3": "1.3", "O3_8hr": "17", "PM10": "29", "PM2.5": "14", "NO2": "24", "NOx": "34", "NO": "11", "WindSpeed": "1", "WindDirec": "254", "PublishTime": "2019-11-22 23:00", "PM2.5_AVG": "14", "PM10_AVG": "29", "SO2_AVG": "2", "Longitude": "120.685306", "Latitude": "23.913", "SiteId": "36"}, {"SiteName": "\u5c4f\u6771", "County": "\u5c4f\u6771\u7e23", "AQI": "93", "Pollutant": "\u7d30\u61f8\u6d6e\u5fae\u7c92", "Status": "\u666e\u901a", "SO2": "1.8", "CO": "0.71", "CO_8hr": "0.7", "O3": "47", "O3_8hr": "67", "PM10": "62", "PM2.5": "33", "NO2": "20", "NOx": "21", "NO": "0.6", "WindSpeed": "0.8", "WindDirec": "43", "PublishTime": "2019-11-22 23:00", "PM2.5_AVG": "33", "PM10_AVG": "64", "SO2_AVG": "2", "Longitude": "120.488033", "Latitude": "22.673081", "SiteId": "59"}, {"SiteName": "\u5c4f\u6771(\u7409\u7403)", "County": "\u5c4f\u6771\u7e23", "AQI": "118", "Pollutant": "\u81ed\u6c27\u516b\u5c0f\u6642", "Status": "\u5c0d\u654f\u611f\u65cf\u7fa4\u4e0d\u5065\u5eb7", "SO2": "1.8", "CO": "0.18", "CO_8hr": "0.3", "O3": "61", "O3_8hr": "76", "PM10": "29", "PM2.5": "18", "NO2": "4.8", "NOx": "5.9", "NO": "1", "WindSpeed": "0.3", "WindDirec": "184", "PublishTime": "2019-11-22 23:00", "PM2.5_AVG": "21", "PM10_AVG": "39", "SO2_AVG": "6", "Longitude": "120.377222", "Latitude": "22.352222", "SiteId": "204"}, {"SiteName": "\u6046\u6625", "County": "\u5c4f\u6771\u7e23", "AQI": "52", "Pollutant": "\u7d30\u61f8\u6d6e\u5fae\u7c92", "Status": "\u666e\u901a", "SO2": "0.8", "CO": "0.08", "CO_8hr": "0.2", "O3": "27", "O3_8hr": "54", "PM10": "9", "PM2.5": "5", "NO2": "0.2", "NOx": "1", "NO": "0.7", "WindSpeed": "1.7", "WindDirec": "10", "PublishTime": "2019-11-22 23:00", "PM2.5_AVG": "16", "PM10_AVG": "26", "SO2_AVG": "1", "Longitude": "120.788928", "Latitude": "21.958069", "SiteId": "61"}, {"SiteName": "\u7f8e\u6fc3", "County": "\u9ad8\u96c4\u5e02", "AQI": "84", "Pollutant": "\u7d30\u61f8\u6d6e\u5fae\u7c92", "Status": "\u666e\u901a", "SO2": "1.1", "CO": "0.45", "CO_8hr": "0.4", "O3": "30", "O3_8hr": "64", "PM10": "30", "PM2.5": "22", "NO2": "6.6", "NOx": "8.9", "NO": "2.3", "WindSpeed": "0.4", "WindDirec": "36", "PublishTime": "2019-11-22 23:00", "PM2.5_AVG": "29", "PM10_AVG": "50", "SO2_AVG": "1", "Longitude": "120.530542", "Latitude": "22.883583", "SiteId": "47"}, {"SiteName": "\u82d7\u6817", "County": "\u82d7\u6817\u7e23", "AQI": "39", "Pollutant": "", "Status": "\u826f\u597d", "SO2": "4", "CO": "0.48", "CO_8hr": "0.4", "O3": "6.9", "O3_8hr": "13", "PM10": "28", "PM2.5": "17", "NO2": "20", "NOx": "24", "NO": "4.2", "WindSpeed": "1.7", "WindDirec": "22", "PublishTime": "2019-11-22 23:00", "PM2.5_AVG": "12", "PM10_AVG": "20", "SO2_AVG": "3", "Longitude": "120.8202", "Latitude": "24.565269", "SiteId": "26"}, {"SiteName": "\u57d4\u91cc", "County": "\u5357\u6295\u7e23", "AQI": "76", "Pollutant": "\u7d30\u61f8\u6d6e\u5fae\u7c92", "Status": "\u666e\u901a", "SO2": "4.1", "CO": "0.59", "CO_8hr": "0.6", "O3": "18", "O3_8hr": "49", "PM10": "35", "PM2.5": "26", "NO2": "21", "NOx": "23", "NO": "1.7", "WindSpeed": "0.7", "WindDirec": "330", "PublishTime": "2019-11-22 23:00", "PM2.5_AVG": "26", "PM10_AVG": "38", "SO2_AVG": "2", "Longitude": "120.967903", "Latitude": "23.968842", "SiteId": "72"}, {"SiteName": "\u6843\u5712", "County": "\u6843\u5712\u5e02", "AQI": "32", "Pollutant": "", "Status": "\u826f\u597d", "SO2": "5.8", "CO": "0.49", "CO_8hr": "0.7", "O3": "13", "O3_8hr": "11", "PM10": "19", "PM2.5": "10", "NO2": "18", "NOx": "20", "NO": "1.8", "WindSpeed": "0.7", "WindDirec": "44", "PublishTime": "2019-11-22 23:00", "PM2.5_AVG": "10", "PM10_AVG": "17", "SO2_AVG": "5", "Longitude": "121.304383", "Latitude": "24.995368", "SiteId": "17"}, {"SiteName": "\u6843\u5712(\u89c0\u97f3\u5de5\u696d\u5340)", "County": "\u6843\u5712\u5e02", "AQI": "29", "Pollutant": "", "Status": "\u826f\u597d", "SO2": "0", "CO": "0.04", "CO_8hr": "0.1", "O3": "25", "O3_8hr": "24", "PM10": "30", "PM2.5": "8", "NO2": "5.6", "NOx": "7.2", "NO": "1.7", "WindSpeed": "2.9", "WindDirec": "58", "PublishTime": "2019-11-22 23:00", "PM2.5_AVG": "8", "PM10_AVG": "31", "SO2_AVG": "1", "Longitude": "121.128044", "Latitude": "25.063039", "SiteId": "312"}, {"SiteName": "\u99ac\u516c", "County": "\u6f8e\u6e56\u7e23", "AQI": "35", "Pollutant": "", "Status": "\u826f\u597d", "SO2": "1.4", "CO": "0.12", "CO_8hr": "0.2", "O3": "37", "O3_8hr": "38", "PM10": "24", "PM2.5": "2", "NO2": "1.5", "NOx": "2.8", "NO": "1.4", "WindSpeed": "5.5", "WindDirec": "35", "PublishTime": "2019-11-22 23:00", "PM2.5_AVG": "6", "PM10_AVG": "21", "SO2_AVG": "1", "Longitude": "119.566158", "Latitude": "23.569031", "SiteId": "78"}, {"SiteName": "\u99ac\u7956", "County": "\u9023\u6c5f\u7e23", "AQI": "37", "Pollutant": "", "Status": "\u826f\u597d", "SO2": "1.1", "CO": "0.12", "CO_8hr": "0.1", "O3": "37", "O3_8hr": "40", "PM10": "15", "PM2.5": "9", "NO2": "4.5", "NOx": "5", "NO": "0.5", "WindSpeed": "2.6", "WindDirec": "337", "PublishTime": "2019-11-22 23:00", "PM2.5_AVG": "10", "PM10_AVG": "18", "SO2_AVG": "1", "Longitude": "119.949875", "Latitude": "26.160469", "SiteId": "75"}, {"SiteName": "\u57fa\u9686", "County": "\u57fa\u9686\u5e02", "AQI": "26", "Pollutant": "", "Status": "\u826f\u597d", "SO2": "2.6", "CO": "0.63", "CO_8hr": "0.4", "O3": "2.9", "O3_8hr": "18", "PM10": "20", "PM2.5": "10", "NO2": "28", "NOx": "39", "NO": "11", "WindSpeed": "0.4", "WindDirec": "63", "PublishTime": "2019-11-22 23:00", "PM2.5_AVG": "8", "PM10_AVG": "23", "SO2_AVG": "2", "Longitude": "121.760056", "Latitude": "25.129167", "SiteId": "1"}, {"SiteName": "\u5d19\u80cc", "County": "\u96f2\u6797\u7e23", "AQI": "35", "Pollutant": "", "Status": "\u826f\u597d", "SO2": "1.8", "CO": "0.33", "CO_8hr": "0.3", "O3": "10", "O3_8hr": "22", "PM10": "21", "PM2.5": "11", "NO2": "12", "NOx": "13", "NO": "1.2", "WindSpeed": "0.8", "WindDirec": "38", "PublishTime": "2019-11-22 23:00", "PM2.5_AVG": "11", "PM10_AVG": "35", "SO2_AVG": "2", "Longitude": "120.348742", "Latitude": "23.757547", "SiteId": "38"}, {"SiteName": "\u6de1\u6c34", "County": "\u65b0\u5317\u5e02", "AQI": "26", "Pollutant": "", "Status": "\u826f\u597d", "SO2": "-0.2", "CO": "0.23", "CO_8hr": "0.2", "O3": "22", "O3_8hr": "28", "PM10": "10", "PM2.5": "4", "NO2": "7.7", "NOx": "8.7", "NO": "1", "WindSpeed": "", "WindDirec": "", "PublishTime": "2019-11-22 23:00", "PM2.5_AVG": "3", "PM10_AVG": "8", "SO2_AVG": "0", "Longitude": "121.449239", "Latitude": "25.1645", "SiteId": "10"}, {"SiteName": "\u9ea5\u5bee", "County": "\u96f2\u6797\u7e23", "AQI": "38", "Pollutant": "", "Status": "\u826f\u597d", "SO2": "2.9", "CO": "0.33", "CO_8hr": "0.2", "O3": "12", "O3_8hr": "25", "PM10": "39", "PM2.5": "21", "NO2": "14", "NOx": "16", "NO": "2.2", "WindSpeed": "1.8", "WindDirec": "10", "PublishTime": "2019-11-22 23:00", "PM2.5_AVG": "12", "PM10_AVG": "31", "SO2_AVG": "2", "Longitude": "120.251825", "Latitude": "23.753506", "SiteId": "83"}, {"SiteName": "\u5584\u5316", "County": "\u81fa\u5357\u5e02", "AQI": "70", "Pollutant": "\u7d30\u61f8\u6d6e\u5fae\u7c92", "Status": "\u666e\u901a", "SO2": "2.2", "CO": "0.56", "CO_8hr": "0.4", "O3": "1.8", "O3_8hr": "29", "PM10": "74", "PM2.5": "31", "NO2": "24", "NOx": "29", "NO": "4.1", "WindSpeed": "0.5", "WindDirec": "359", "PublishTime": "2019-11-22 23:00", "PM2.5_AVG": "23", "PM10_AVG": "61", "SO2_AVG": "2", "Longitude": "120.297142", "Latitude": "23.115097", "SiteId": "44"}, {"SiteName": "\u5bcc\u8cb4\u89d2", "County": "\u65b0\u5317\u5e02", "AQI": "57", "Pollutant": "\u61f8\u6d6e\u5fae\u7c92", "Status": "\u666e\u901a", "SO2": "0", "CO": "0.09", "CO_8hr": "0.1", "O3": "35", "O3_8hr": "36", "PM10": "65", "PM2.5": "14", "NO2": "0.9", "NOx": "1", "NO": "0.1", "WindSpeed": "1.8", "WindDirec": "90", "PublishTime": "2019-11-22 23:00", "PM2.5_AVG": "12", "PM10_AVG": "63", "SO2_AVG": "0", "Longitude": "121.536763", "Latitude": "25.298562", "SiteId": "84"}, {"SiteName": "\u5fa9\u8208", "County": "\u9ad8\u96c4\u5e02", "AQI": "77", "Pollutant": "\u7d30\u61f8\u6d6e\u5fae\u7c92", "Status": "\u666e\u901a", "SO2": "4.3", "CO": "0.85", "CO_8hr": "0.6", "O3": "22", "O3_8hr": "43", "PM10": "53", "PM2.5": "32", "NO2": "34", "NOx": "35", "NO": "1", "WindSpeed": "0.8", "WindDirec": "132", "PublishTime": "2019-11-22 23:00", "PM2.5_AVG": "26", "PM10_AVG": "49", "SO2_AVG": "3", "Longitude": "120.312017", "Latitude": "22.608711", "SiteId": "71"}, {"SiteName": "\u6e56\u53e3", "County": "\u65b0\u7af9\u7e23", "AQI": "27", "Pollutant": "", "Status": "\u826f\u597d", "SO2": "1.8", "CO": "0.13", "CO_8hr": "0.2", "O3": "30", "O3_8hr": "29", "PM10": "29", "PM2.5": "6", "NO2": "4.5", "NOx": "5.8", "NO": "1.3", "WindSpeed": "2.5", "WindDirec": "40", "PublishTime": "2019-11-22 23:00", "PM2.5_AVG": "6", "PM10_AVG": "19", "SO2_AVG": "2", "Longitude": "121.038653", "Latitude": "24.900142", "SiteId": "22"}, {"SiteName": "\u83dc\u5bee", "County": "\u65b0\u5317\u5e02", "AQI": "28", "Pollutant": "", "Status": "\u826f\u597d", "SO2": "1.3", "CO": "0.48", "CO_8hr": "0.6", "O3": "12", "O3_8hr": "10", "PM10": "13", "PM2.5": "10", "NO2": "22", "NOx": "25", "NO": "3.5", "WindSpeed": "0.9", "WindDirec": "346", "PublishTime": "2019-11-22 23:00", "PM2.5_AVG": "9", "PM10_AVG": "14", "SO2_AVG": "2", "Longitude": "121.481028", "Latitude": "25.06895", "SiteId": "8"}, {"SiteName": "\u967d\u660e", "County": "\u81fa\u5317\u5e02", "AQI": "31", "Pollutant": "", "Status": "\u826f\u597d", "SO2": "1.3", "CO": "0.1", "CO_8hr": "0.1", "O3": "31", "O3_8hr": "33", "PM10": "1", "PM2.5": "ND", "NO2": "0", "NOx": "0.3", "NO": "0.3", "WindSpeed": "", "WindDirec": "", "PublishTime": "2019-11-22 23:00", "PM2.5_AVG": "1", "PM10_AVG": "5", "SO2_AVG": "2", "Longitude": "121.529583", "Latitude": "25.182722", "SiteId": "64"}, {"SiteName": "\u65b0\u7af9", "County": "\u65b0\u7af9\u5e02", "AQI": "23", "Pollutant": "", "Status": "\u826f\u597d", "SO2": "1.5", "CO": "0.2", "CO_8hr": "0.2", "O3": "26", "O3_8hr": "25", "PM10": "26", "PM2.5": "7", "NO2": "11", "NOx": "11", "NO": "0.5", "WindSpeed": "2.9", "WindDirec": "44", "PublishTime": "2019-11-22 23:00", "PM2.5_AVG": "7", "PM10_AVG": "20", "SO2_AVG": "2", "Longitude": "120.972075", "Latitude": "24.805619", "SiteId": "24"}, {"SiteName": "\u65b0\u7af9(\u9999\u5c71)", "County": "\u65b0\u7af9\u5e02", "AQI": "", "Pollutant": "", "Status": "\u8a2d\u5099\u7dad\u8b77", "SO2": "2.8", "CO": "0.17", "CO_8hr": "0.2", "O3": "21", "O3_8hr": "21", "PM10": "24", "PM2.5": "8", "NO2": "14", "NOx": "15", "NO": "1.1", "WindSpeed": "0.7", "WindDirec": "284", "PublishTime": "2019-11-22 23:00", "PM2.5_AVG": "", "PM10_AVG": "20", "SO2_AVG": "2", "Longitude": "120.913297", "Latitude": "24.765925", "SiteId": "203"}, {"SiteName": "\u65b0\u5e97", "County": "\u65b0\u5317\u5e02", "AQI": "18", "Pollutant": "", "Status": "\u826f\u597d", "SO2": "1.8", "CO": "0.41", "CO_8hr": "0.5", "O3": "16", "O3_8hr": "13", "PM10": "9", "PM2.5": "3", "NO2": "19", "NOx": "21", "NO": "2.7", "WindSpeed": "1.2", "WindDirec": "143", "PublishTime": "2019-11-22 23:00", "PM2.5_AVG": "4", "PM10_AVG": "10", "SO2_AVG": "2", "Longitude": "121.537778", "Latitude": "24.977222", "SiteId": "4"}, {"SiteName": "\u65b0\u838a", "County": "\u65b0\u5317\u5e02", "AQI": "31", "Pollutant": "", "Status": "\u826f\u597d", "SO2": "1.5", "CO": "0.72", "CO_8hr": "0.8", "O3": "5.3", "O3_8hr": "6", "PM10": "12", "PM2.5": "7", "NO2": "33", "NOx": "46", "NO": "13", "WindSpeed": "1", "WindDirec": "35", "PublishTime": "2019-11-22 23:00", "PM2.5_AVG": "8", "PM10_AVG": "16", "SO2_AVG": "2", "Longitude": "121.4325", "Latitude": "25.037972", "SiteId": "7"}, {"SiteName": "\u65b0\u6e2f", "County": "\u5609\u7fa9\u7e23", "AQI": "50", "Pollutant": "", "Status": "\u826f\u597d", "SO2": "2.3", "CO": "0.33", "CO_8hr": "0.3", "O3": "7.2", "O3_8hr": "25", "PM10": "36", "PM2.5": "19", "NO2": "17", "NOx": "19", "NO": "2", "WindSpeed": "1.4", "WindDirec": "350", "PublishTime": "2019-11-22 23:00", "PM2.5_AVG": "15", "PM10_AVG": "47", "SO2_AVG": "2", "Longitude": "120.345531", "Latitude": "23.554839", "SiteId": "39"}, {"SiteName": "\u65b0\u71df", "County": "\u81fa\u5357\u5e02", "AQI": "88", "Pollutant": "\u7d30\u61f8\u6d6e\u5fae\u7c92", "Status": "\u666e\u901a", "SO2": "2.3", "CO": "0.42", "CO_8hr": "0.4", "O3": "5", "O3_8hr": "26", "PM10": "74", "PM2.5": "29", "NO2": "27", "NOx": "29", "NO": "2.3", "WindSpeed": "1.8", "WindDirec": "16", "PublishTime": "2019-11-22 23:00", "PM2.5_AVG": "31", "PM10_AVG": "65", "SO2_AVG": "2", "Longitude": "120.31725", "Latitude": "23.305633", "SiteId": "43"}, {"SiteName": "\u6960\u6893", "County": "\u9ad8\u96c4\u5e02", "AQI": "91", "Pollutant": "\u7d30\u61f8\u6d6e\u5fae\u7c92", "Status": "\u666e\u901a", "SO2": "2.2", "CO": "0.54", "CO_8hr": "0.5", "O3": "42", "O3_8hr": "45", "PM10": "56", "PM2.5": "32", "NO2": "22", "NOx": "23", "NO": "0.4", "WindSpeed": "1.3", "WindDirec": "54", "PublishTime": "2019-11-22 23:00", "PM2.5_AVG": "32", "PM10_AVG": "63", "SO2_AVG": "2", "Longitude": "120.328289", "Latitude": "22.733667", "SiteId": "53"}, {"SiteName": "\u842c\u91cc", "County": "\u65b0\u5317\u5e02", "AQI": "44", "Pollutant": "", "Status": "\u826f\u597d", "SO2": "3.1", "CO": "0.12", "CO_8hr": "0.1", "O3": "36", "O3_8hr": "34", "PM10": "19", "PM2.5": "4", "NO2": "2.1", "NOx": "3.5", "NO": "1.4", "WindSpeed": "2", "WindDirec": "331", "PublishTime": "2019-11-22 23:00", "PM2.5_AVG": "10", "PM10_AVG": "47", "SO2_AVG": "3", "Longitude": "121.689881", "Latitude": "25.179667", "SiteId": "3"}, {"SiteName": "\u842c\u83ef", "County": "\u81fa\u5317\u5e02", "AQI": "30", "Pollutant": "", "Status": "\u826f\u597d", "SO2": "1", "CO": "0.69", "CO_8hr": "0.7", "O3": "2.4", "O3_8hr": "4", "PM10": "15", "PM2.5": "5", "NO2": "32", "NOx": "45", "NO": "13", "WindSpeed": "0.8", "WindDirec": "77", "PublishTime": "2019-11-22 23:00", "PM2.5_AVG": "6", "PM10_AVG": "12", "SO2_AVG": "1", "Longitude": "121.507972", "Latitude": "25.046503", "SiteId": "13"}, {"SiteName": "\u5609\u7fa9", "County": "\u5609\u7fa9\u5e02", "AQI": "71", "Pollutant": "\u7d30\u61f8\u6d6e\u5fae\u7c92", "Status": "\u666e\u901a", "SO2": "13", "CO": "0.65", "CO_8hr": "0.6", "O3": "1.4", "O3_8hr": "21", "PM10": "58", "PM2.5": "25", "NO2": "31", "NOx": "41", "NO": "9.5", "WindSpeed": "1", "WindDirec": "356", "PublishTime": "2019-11-22 23:00", "PM2.5_AVG": "24", "PM10_AVG": "56", "SO2_AVG": "3", "Longitude": "120.440833", "Latitude": "23.462778", "SiteId": "42"}, {"SiteName": "\u5f70\u5316", "County": "\u5f70\u5316\u7e23", "AQI": "36", "Pollutant": "", "Status": "\u826f\u597d", "SO2": "2.6", "CO": "0.54", "CO_8hr": "0.5", "O3": "4.1", "O3_8hr": "13", "PM10": "16", "PM2.5": "10", "NO2": "23", "NOx": "26", "NO": "3.1", "WindSpeed": "1.4", "WindDirec": "359", "PublishTime": "2019-11-22 23:00", "PM2.5_AVG": "11", "PM10_AVG": "23", "SO2_AVG": "2", "Longitude": "120.541519", "Latitude": "24.066", "SiteId": "33"}, {"SiteName": "\u5f70\u5316(\u5927\u57ce)", "County": "\u5f70\u5316\u7e23", "AQI": "34", "Pollutant": "", "Status": "\u826f\u597d", "SO2": "1.6", "CO": "0.25", "CO_8hr": "0.2", "O3": "26", "O3_8hr": "37", "PM10": "19", "PM2.5": "4", "NO2": "8.5", "NOx": "9.1", "NO": "0.5", "WindSpeed": "2.5", "WindDirec": "50", "PublishTime": "2019-11-22 23:00", "PM2.5_AVG": "4", "PM10_AVG": "17", "SO2_AVG": "2", "Longitude": "120.273117", "Latitude": "23.843139", "SiteId": "202"}, {"SiteName": "\u81fa\u897f", "County": "\u96f2\u6797\u7e23", "AQI": "31", "Pollutant": "", "Status": "\u826f\u597d", "SO2": "2.8", "CO": "0.14", "CO_8hr": "0.1", "O3": "21", "O3_8hr": "34", "PM10": "26", "PM2.5": "8", "NO2": "8.3", "NOx": "13", "NO": "5.2", "WindSpeed": "3.8", "WindDirec": "27", "PublishTime": "2019-11-22 23:00", "PM2.5_AVG": "9", "PM10_AVG": "23", "SO2_AVG": "2", "Longitude": "120.202842", "Latitude": "23.717533", "SiteId": "41"}, {"SiteName": "\u81fa\u6771", "County": "\u81fa\u6771\u7e23", "AQI": "26", "Pollutant": "", "Status": "\u826f\u597d", "SO2": "1.6", "CO": "0.27", "CO_8hr": "0.3", "O3": "20", "O3_8hr": "28", "PM10": "28", "PM2.5": "5", "NO2": "5.4", "NOx": "6", "NO": "0.7", "WindSpeed": "0.6", "WindDirec": "318", "PublishTime": "2019-11-22 23:00", "PM2.5_AVG": "5", "PM10_AVG": "28", "SO2_AVG": "2", "Longitude": "121.15045", "Latitude": "22.755358", "SiteId": "62"}, {"SiteName": "\u81fa\u5357", "County": "\u81fa\u5357\u5e02", "AQI": "65", "Pollutant": "\u7d30\u61f8\u6d6e\u5fae\u7c92", "Status": "\u666e\u901a", "SO2": "2.8", "CO": "0.82", "CO_8hr": "0.6", "O3": "4.5", "O3_8hr": "28", "PM10": "69", "PM2.5": "29", "NO2": "37", "NOx": "40", "NO": "2.7", "WindSpeed": "0.6", "WindDirec": "81", "PublishTime": "2019-11-22 23:00", "PM2.5_AVG": "21", "PM10_AVG": "56", "SO2_AVG": "2", "Longitude": "120.202617", "Latitude": "22.984581", "SiteId": "46"}, {"SiteName": "\u81fa\u5357(\u9ebb\u8c46)", "County": "\u81fa\u5357\u5e02", "AQI": "66", "Pollutant": "\u7d30\u61f8\u6d6e\u5fae\u7c92", "Status": "\u666e\u901a", "SO2": "3.3", "CO": "0.2", "CO_8hr": "0.2", "O3": "6.6", "O3_8hr": "30", "PM10": "63", "PM2.5": "31", "NO2": "22", "NOx": "23", "NO": "1.6", "WindSpeed": "0.9", "WindDirec": "50", "PublishTime": "2019-11-22 23:00", "PM2.5_AVG": "21", "PM10_AVG": "52", "SO2_AVG": "3", "Longitude": "120.245831", "Latitude": "23.179047", "SiteId": "201"}, {"SiteName": "\u9cf3\u5c71", "County": "\u9ad8\u96c4\u5e02", "AQI": "93", "Pollutant": "\u7d30\u61f8\u6d6e\u5fae\u7c92", "Status": "\u666e\u901a", "SO2": "3.9", "CO": "0.59", "CO_8hr": "0.7", "O3": "42", "O3_8hr": "58", "PM10": "73", "PM2.5": "43", "NO2": "18", "NOx": "19", "NO": "1.1", "WindSpeed": "1.3", "WindDirec": "92", "PublishTime": "2019-11-22 23:00", "PM2.5_AVG": "33", "PM10_AVG": "58", "SO2_AVG": "3", "Longitude": "120.358083", "Latitude": "22.627392", "SiteId": "50"}, {"SiteName": "\u6f6e\u5dde", "County": "\u5c4f\u6771\u7e23", "AQI": "90", "Pollutant": "\u7d30\u61f8\u6d6e\u5fae\u7c92", "Status": "\u666e\u901a", "SO2": "2", "CO": "0.28", "CO_8hr": "0.3", "O3": "38", "O3_8hr": "64", "PM10": "37", "PM2.5": "25", "NO2": "5.2", "NOx": "7.5", "NO": "2.3", "WindSpeed": "1", "WindDirec": "94", "PublishTime": "2019-11-22 23:00", "PM2.5_AVG": "31", "PM10_AVG": "57", "SO2_AVG": "3", "Longitude": "120.561175", "Latitude": "22.523108", "SiteId": "60"}, {"SiteName": "\u7dda\u897f", "County": "\u5f70\u5316\u7e23", "AQI": "25", "Pollutant": "", "Status": "\u826f\u597d", "SO2": "3.7", "CO": "0.23", "CO_8hr": "0.4", "O3": "15", "O3_8hr": "22", "PM10": "19", "PM2.5": "7", "NO2": "13", "NOx": "13", "NO": "0.2", "WindSpeed": "3.1", "WindDirec": "36", "PublishTime": "2019-11-22 23:00", "PM2.5_AVG": "8", "PM10_AVG": "26", "SO2_AVG": "3", "Longitude": "120.469061", "Latitude": "24.131672", "SiteId": "34"}, {"SiteName": "\u6a4b\u982d", "County": "\u9ad8\u96c4\u5e02", "AQI": "95", "Pollutant": "\u7d30\u61f8\u6d6e\u5fae\u7c92", "Status": "\u666e\u901a", "SO2": "1.9", "CO": "0.55", "CO_8hr": "0.6", "O3": "37", "O3_8hr": "39", "PM10": "54", "PM2.5": "31", "NO2": "20", "NOx": "20", "NO": "0.7", "WindSpeed": "1.8", "WindDirec": "88", "PublishTime": "2019-11-22 23:00", "PM2.5_AVG": "33", "PM10_AVG": "67", "SO2_AVG": "2", "Longitude": "120.305689", "Latitude": "22.757506", "SiteId": "48"}, {"SiteName": "\u982d\u4efd", "County": "\u82d7\u6817\u7e23", "AQI": "24", "Pollutant": "", "Status": "\u826f\u597d", "SO2": "1.4", "CO": "0.22", "CO_8hr": "0.2", "O3": "20", "O3_8hr": "21", "PM10": "26", "PM2.5": "9", "NO2": "13", "NOx": "15", "NO": "2.1", "WindSpeed": "1.8", "WindDirec": "32", "PublishTime": "2019-11-22 23:00", "PM2.5_AVG": "8", "PM10_AVG": "19", "SO2_AVG": "1", "Longitude": "120.898572", "Latitude": "24.696969", "SiteId": "25"}, {"SiteName": "\u9f8d\u6f6d", "County": "\u6843\u5712\u5e02", "AQI": "19", "Pollutant": "", "Status": "\u826f\u597d", "SO2": "3.4", "CO": "0.27", "CO_8hr": "0.3", "O3": "20", "O3_8hr": "19", "PM10": "16", "PM2.5": "6", "NO2": "14", "NOx": "15", "NO": "1.5", "WindSpeed": "2.7", "WindDirec": "48", "PublishTime": "2019-11-22 23:00", "PM2.5_AVG": "6", "PM10_AVG": "11", "SO2_AVG": "3", "Longitude": "121.21635", "Latitude": "24.863869", "SiteId": "21"}, {"SiteName": "\u8c50\u539f", "County": "\u81fa\u4e2d\u5e02", "AQI": "32", "Pollutant": "", "Status": "\u826f\u597d", "SO2": "1.8", "CO": "0.21", "CO_8hr": "0.2", "O3": "19", "O3_8hr": "22", "PM10": "12", "PM2.5": "11", "NO2": "6.6", "NOx": "7", "NO": "0.4", "WindSpeed": "2", "WindDirec": "103", "PublishTime": "2019-11-22 23:00", "PM2.5_AVG": "10", "PM10_AVG": "13", "SO2_AVG": "1", "Longitude": "120.741711", "Latitude": "24.256586", "SiteId": "28"}, {"SiteName": "\u95dc\u5c71", "County": "\u81fa\u6771\u7e23", "AQI": "22", "Pollutant": "", "Status": "\u826f\u597d", "SO2": "1.5", "CO": "-", "CO_8hr": "", "O3": "11", "O3_8hr": "23", "PM10": "24", "PM2.5": "7", "NO2": "5.2", "NOx": "6.1", "NO": "0.8", "WindSpeed": "0.4", "WindDirec": "293", "PublishTime": "2019-11-22 23:00", "PM2.5_AVG": "7", "PM10_AVG": "24", "SO2_AVG": "2", "Longitude": "121.161933", "Latitude": "23.045083", "SiteId": "80"}, {"SiteName": "\u89c0\u97f3", "County": "\u6843\u5712\u5e02", "AQI": "29", "Pollutant": "", "Status": "\u826f\u597d", "SO2": "4.1", "CO": "0.18", "CO_8hr": "0.2", "O3": "34", "O3_8hr": "31", "PM10": "25", "PM2.5": "11", "NO2": "3.1", "NOx": "3.3", "NO": "0.2", "WindSpeed": "4.1", "WindDirec": "239", "PublishTime": "2019-11-22 23:00", "PM2.5_AVG": "8", "PM10_AVG": "24", "SO2_AVG": "4", "Longitude": "121.082761", "Latitude": "25.035503", "SiteId": "19"}]